site_url,business_name,niche,service_type,city,state,zip_code,phone,address,email,license_number,years_experience,service_area,hours_of_operation,emergency_available,status
dallasgaragedoor1.hostingersite.com,Dallas Garage Door Experts,Garage Door Repair,service_page,Dallas,TX,75201,214-555-0100,"5678 Main Street, Suite 200",info@dallasgarage.com,TX-GD-12345,15,"Dallas and Fort Worth Metro","Mon-Fri 7AM-7PM, Sat 8AM-4PM",yes,active
austinplumbingpro.hostingersite.com,Austin Plumbing Pros,Plumbing Services,service_page,Austin,TX,78701,512-555-0200,"1234 Congress Avenue",contact@austinplumb.com,TX-PLB-67890,20,"Greater Austin Area","24/7 Emergency Service",yes,active
houstonhvacexperts.hostingersite.com,Houston HVAC Masters,HVAC Repair,service_page,Houston,TX,77001,713-555-0300,"9012 Westheimer Road",support@houstonhvac.com,TX-HVAC-11223,12,"Houston and Surrounding Counties","Mon-Sat 6AM-8PM",yes,active
sanantoniomechanics.hostingersite.com,San Antonio Auto Repair,Auto Repair,service_page,San Antonio,TX,78205,210-555-0400,"3456 Broadway Street",service@saautorepair.com,TX-AUTO-44556,8,"San Antonio Metro","Mon-Fri 8AM-6PM, Sat 9AM-2PM",no,active
elpasohomeservices.hostingersite.com,El Paso Home Services,General Contractor,service_page,El Paso,TX,79901,915-555-0500,"7890 Mesa Drive",info@elpasohome.com,TX-GC-77889,25,"El Paso and Las Cruces","Mon-Fri 7AM-5PM",no,active
